{"stats":{"minecraft:used":{"minecraft:knowledge_book":5,"minecraft:villager_spawn_egg":1,"minecraft:flint_and_steel":1,"minecraft:pig_spawn_egg":1,"alexscaves:submarine":1,"alexscaves:nuclear_bomb":1,"minecraft:milk_bucket":2},"minecraft:picked_up":{"minecraft:arrow":2,"minecraft:wheat_seeds":1},"minecraft:killed_by":{"minecraft:skeleton":1},"minecraft:killed":{"minecraft:skeleton":1},"minecraft:mined":{"gravestone:gravestone":2,"minecraft:grass":3,"regions_unexplored:medium_grass":1},"minecraft:dropped":{"gravestone:obituary":1,"alexscaves:nuclear_bomb":1,"alexscaves:submarine":1},"minecraft:custom":{"minecraft:time_since_rest":57271,"minecraft:crouch_one_cm":1090,"minecraft:play_time":111699,"lootr:looted_stat":1,"minecraft:sprint_one_cm":21951,"minecraft:damage_taken":620,"minecraft:deaths":2,"minecraft:walk_one_cm":69680,"minecraft:sneak_time":834,"minecraft:walk_under_water_one_cm":2739,"minecraft:mob_kills":1,"minecraft:drop":3,"minecraft:jump":165,"minecraft:damage_dealt":206,"minecraft:leave_game":4,"minecraft:walk_on_water_one_cm":353,"minecraft:time_since_death":56973,"minecraft:total_world_time":111699,"minecraft:fall_one_cm":1020,"minecraft:fly_one_cm":474928}},"DataVersion":3465}