{"stats":{"minecraft:mined":{"gravestone:gravestone":1},"minecraft:used":{"minecraft:knowledge_book":5,"alexscaves:submarine":1,"alexscaves:nuclear_bomb":1,"minecraft:milk_bucket":2,"minecraft:flint_and_steel":1},"minecraft:custom":{"minecraft:jump":56,"minecraft:time_since_rest":11813,"minecraft:deaths":1,"minecraft:damage_taken":200,"minecraft:crouch_one_cm":73,"minecraft:sprint_one_cm":2473,"minecraft:leave_game":2,"minecraft:play_time":52947,"minecraft:walk_on_water_one_cm":353,"minecraft:time_since_death":9662,"minecraft:walk_one_cm":10365,"minecraft:sneak_time":544,"minecraft:total_world_time":52947,"minecraft:walk_under_water_one_cm":2739,"minecraft:drop":2,"minecraft:fly_one_cm":404993},"minecraft:dropped":{"alexscaves:submarine":1,"alexscaves:nuclear_bomb":1}},"DataVersion":3465}