{"stats":{"minecraft:used":{"alexscaves:submarine":1,"alexscaves:nuclear_bomb":1,"minecraft:flint_and_steel":1},"minecraft:custom":{"minecraft:jump":29,"minecraft:time_since_rest":22850,"minecraft:crouch_one_cm":34,"minecraft:sprint_one_cm":2343,"minecraft:leave_game":1,"minecraft:play_time":22850,"minecraft:walk_on_water_one_cm":353,"minecraft:time_since_death":22850,"minecraft:walk_one_cm":4712,"minecraft:sneak_time":507,"minecraft:total_world_time":22850,"minecraft:walk_under_water_one_cm":2739,"minecraft:drop":2,"minecraft:fly_one_cm":377547},"minecraft:dropped":{"alexscaves:submarine":1,"alexscaves:nuclear_bomb":1}},"DataVersion":3465}