{"stats":{"minecraft:used":{"minecraft:knowledge_book":5,"minecraft:villager_spawn_egg":1,"minecraft:flint_and_steel":1,"minecraft:pig_spawn_egg":1,"alexscaves:submarine":1,"alexscaves:nuclear_bomb":1,"minecraft:milk_bucket":2},"minecraft:picked_up":{"minecraft:arrow":4,"minecraft:wheat_seeds":1,"minecraft:oak_log":2},"minecraft:killed_by":{"minecraft:skeleton":1},"minecraft:killed":{"minecraft:skeleton":1},"minecraft:mined":{"gravestone:gravestone":2,"minecraft:oak_log":2,"minecraft:grass":4,"regions_unexplored:medium_grass":1},"minecraft:dropped":{"gravestone:obituary":1,"alexscaves:nuclear_bomb":1,"alexscaves:submarine":1},"minecraft:custom":{"minecraft:time_since_rest":69271,"minecraft:crouch_one_cm":1126,"minecraft:play_time":123699,"lootr:looted_stat":1,"minecraft:sprint_one_cm":40356,"minecraft:damage_taken":760,"minecraft:deaths":2,"minecraft:walk_one_cm":100707,"minecraft:sneak_time":844,"minecraft:walk_under_water_one_cm":2739,"minecraft:mob_kills":1,"minecraft:drop":3,"minecraft:jump":196,"minecraft:damage_dealt":224,"minecraft:leave_game":4,"minecraft:walk_on_water_one_cm":353,"minecraft:time_since_death":68973,"minecraft:total_world_time":123699,"minecraft:fall_one_cm":1229,"minecraft:fly_one_cm":486060}},"DataVersion":3465}