{"stats":{"minecraft:picked_up":{"minecraft:iron_axe":1,"minecraft:arrow":4,"minecraft:wheat_seeds":1,"minecraft:knowledge_book":2,"minecraft:oak_log":6,"minecraft:iron_sword":1},"minecraft:used":{"minecraft:villager_spawn_egg":1,"minecraft:flint_and_steel":1,"alexscaves:submarine":1,"minecraft:pig_spawn_egg":1,"alexscaves:nuclear_bomb":1,"minecraft:milk_bucket":2,"minecraft:knowledge_book":5},"minecraft:mined":{"gravestone:gravestone":2,"minecraft:grass":4,"minecraft:oak_log":2,"regions_unexplored:medium_grass":1},"minecraft:killed":{"minecraft:skeleton":1},"minecraft:killed_by":{"minecraft:skeleton":1},"minecraft:custom":{"minecraft:time_since_rest":101699,"minecraft:walk_one_cm":128534,"minecraft:crouch_one_cm":1126,"minecraft:play_time":156127,"lootr:looted_stat":2,"minecraft:sprint_one_cm":45258,"minecraft:damage_taken":760,"minecraft:deaths":2,"minecraft:sneak_time":844,"minecraft:walk_under_water_one_cm":2739,"minecraft:mob_kills":1,"minecraft:drop":9,"minecraft:jump":227,"minecraft:damage_dealt":224,"minecraft:leave_game":7,"minecraft:walk_on_water_one_cm":353,"minecraft:time_since_death":101401,"minecraft:climb_one_cm":36,"minecraft:total_world_time":156127,"minecraft:fall_one_cm":1438,"minecraft:fly_one_cm":498284},"minecraft:dropped":{"gravestone:obituary":1,"minecraft:oak_log":4,"alexscaves:nuclear_bomb":1,"alexscaves:submarine":1,"minecraft:knowledge_book":2}},"DataVersion":3465}