{"stats":{"minecraft:mined":{"gravestone:gravestone":2,"minecraft:grass":3,"regions_unexplored:medium_grass":1},"minecraft:killed_by":{"minecraft:skeleton":1},"minecraft:used":{"minecraft:knowledge_book":5,"minecraft:flint_and_steel":1,"alexscaves:submarine":1,"alexscaves:nuclear_bomb":1,"minecraft:milk_bucket":2},"minecraft:custom":{"minecraft:time_since_rest":16681,"minecraft:crouch_one_cm":684,"lootr:looted_stat":1,"minecraft:play_time":71109,"minecraft:sprint_one_cm":15340,"minecraft:deaths":2,"minecraft:damage_taken":620,"minecraft:walk_one_cm":47732,"minecraft:sneak_time":609,"minecraft:walk_under_water_one_cm":2739,"minecraft:mob_kills":1,"minecraft:drop":3,"minecraft:jump":112,"minecraft:damage_dealt":196,"minecraft:leave_game":2,"minecraft:walk_on_water_one_cm":353,"minecraft:time_since_death":16383,"minecraft:total_world_time":71109,"minecraft:fly_one_cm":432193,"minecraft:fall_one_cm":1020},"minecraft:picked_up":{"minecraft:arrow":2,"minecraft:wheat_seeds":1},"minecraft:killed":{"minecraft:skeleton":1},"minecraft:dropped":{"gravestone:obituary":1,"alexscaves:nuclear_bomb":1,"alexscaves:submarine":1}},"DataVersion":3465}