{"stats":{"minecraft:used":{"minecraft:knowledge_book":5,"minecraft:villager_spawn_egg":1,"minecraft:flint_and_steel":1,"minecraft:pig_spawn_egg":1,"alexscaves:submarine":1,"alexscaves:nuclear_bomb":1,"minecraft:milk_bucket":2},"minecraft:picked_up":{"minecraft:arrow":4,"minecraft:wheat_seeds":1,"minecraft:oak_log":5,"minecraft:iron_sword":1,"minecraft:iron_axe":1},"minecraft:killed_by":{"minecraft:skeleton":1},"minecraft:killed":{"minecraft:skeleton":1},"minecraft:mined":{"gravestone:gravestone":2,"minecraft:oak_log":2,"minecraft:grass":4,"regions_unexplored:medium_grass":1},"minecraft:dropped":{"gravestone:obituary":1,"minecraft:oak_log":3,"alexscaves:nuclear_bomb":1,"alexscaves:submarine":1},"minecraft:custom":{"minecraft:time_since_rest":93271,"minecraft:crouch_one_cm":1126,"minecraft:play_time":147699,"lootr:looted_stat":2,"minecraft:sprint_one_cm":45258,"minecraft:damage_taken":760,"minecraft:deaths":2,"minecraft:walk_one_cm":115228,"minecraft:sneak_time":844,"minecraft:walk_under_water_one_cm":2739,"minecraft:mob_kills":1,"minecraft:drop":6,"minecraft:jump":222,"minecraft:damage_dealt":224,"minecraft:leave_game":4,"minecraft:walk_on_water_one_cm":353,"minecraft:time_since_death":92973,"minecraft:climb_one_cm":36,"minecraft:total_world_time":147699,"minecraft:fall_one_cm":1438,"minecraft:fly_one_cm":498284}},"DataVersion":3465}