{"stats":{"minecraft:used":{"alexscaves:submarine":1,"alexscaves:nuclear_bomb":1,"minecraft:flint_and_steel":1},"minecraft:custom":{"minecraft:jump":41,"minecraft:time_since_rest":34850,"minecraft:crouch_one_cm":73,"minecraft:sprint_one_cm":2473,"minecraft:leave_game":1,"minecraft:play_time":34850,"minecraft:walk_on_water_one_cm":353,"minecraft:time_since_death":34850,"minecraft:walk_one_cm":6303,"minecraft:sneak_time":544,"minecraft:total_world_time":34850,"minecraft:walk_under_water_one_cm":2739,"minecraft:drop":2,"minecraft:fly_one_cm":404993},"minecraft:dropped":{"alexscaves:submarine":1,"alexscaves:nuclear_bomb":1}},"DataVersion":3465}